-- phpMyAdmin SQL Dump
-- version 5.2.0
-- https://www.phpmyadmin.net/
--
-- Host: 127.0.0.1
-- Generation Time: Feb 25, 2023 at 04:31 PM
-- Server version: 10.4.27-MariaDB
-- PHP Version: 8.2.0

SET SQL_MODE = "NO_AUTO_VALUE_ON_ZERO";
START TRANSACTION;
SET time_zone = "+00:00";


/*!40101 SET @OLD_CHARACTER_SET_CLIENT=@@CHARACTER_SET_CLIENT */;
/*!40101 SET @OLD_CHARACTER_SET_RESULTS=@@CHARACTER_SET_RESULTS */;
/*!40101 SET @OLD_COLLATION_CONNECTION=@@COLLATION_CONNECTION */;
/*!40101 SET NAMES utf8mb4 */;

--
-- Database: `stu_db`
--

-- --------------------------------------------------------

--
-- Table structure for table `admin`
--

CREATE TABLE `admin` (
  `admin_id` int(11) NOT NULL,
  `admin_name` varchar(255) NOT NULL,
  `admin_email` varchar(255) NOT NULL,
  `admin_pass` varchar(255) NOT NULL
) ENGINE=InnoDB DEFAULT CHARSET=utf8mb4 COLLATE=utf8mb4_general_ci;

--
-- Dumping data for table `admin`
--

INSERT INTO `admin` (`admin_id`, `admin_name`, `admin_email`, `admin_pass`) VALUES
(1, 'admin', 'admin@gmail.com', '123');

-- --------------------------------------------------------

--
-- Table structure for table `course`
--

CREATE TABLE `course` (
  `course_id` int(11) NOT NULL,
  `course_name` text NOT NULL,
  `course_desc` text NOT NULL,
  `course_author` varchar(255) NOT NULL,
  `course_img` text NOT NULL,
  `course_duration` text NOT NULL,
  `course_price` int(11) NOT NULL,
  `course_original_price` int(11) NOT NULL
) ENGINE=InnoDB DEFAULT CHARSET=utf8mb4 COLLATE=utf8mb4_general_ci;

--
-- Dumping data for table `course`
--

INSERT INTO `course` (`course_id`, `course_name`, `course_desc`, `course_author`, `course_img`, `course_duration`, `course_price`, `course_original_price`) VALUES
(8, 'Learn Guitar The Easy Wayy', 'This course is your \"Free Pass\" to playing guitar. It is the most direct and to the point complete online guitar course.', 'Adil', '../image/courseimg/Guitar.jpg', '3 Hours', 1655, 1800),
(9, 'Complete PHP Bootcamp', 'This course will help you get all the Object Oriented PHP, MYSQLi and ending the course by building a CMS system.', 'Rajesh Kumar', '../image/courseimg/php.jpg', '3 Months', 700, 1700),
(10, 'Learn Python A-Z', 'This is the most comprehensive, yet straight-forward, course for the Python programming language.', 'Rahul Kumar', '../image/courseimg/Python.jpg', '4 Months', 800, 1800),
(11, 'Hands-on Artificial Intelligence', 'Learn and Master how AI works and how it is changing our lives in this Course.\r\nlives in this Course.', 'Jay Veeru', '../image/courseimg/ai.jpg', '6 Months', 900, 1900),
(12, 'Learn Vue JS', 'The skills you will learn from this course is applicable to the real world, so you can go ahead and build similar app.', 'Jay Shukla', '../image/courseimg/vue.jpg', '2 Months', 100, 1000),
(13, 'Angular JS', 'Angular is one of the most popular frameworks for building client apps with HTML, CSS and TypeScript.', 'Sonam Gupta', '../image/courseimg/angular.jpg', '4 Month', 800, 1600),
(16, 'Python Complete', 'This is complete Python COurse', 'RK', '../image/courseimg/Python.jpg', '4 hours', 500, 4000),
(17, 'Learn React Native', 'THis is react native for android and iso app development', 'GeekyShows', '../image/courseimg/Machine.jpg', '2 months', 200, 3000);

-- --------------------------------------------------------

--
-- Table structure for table `courseorder`
--

CREATE TABLE `courseorder` (
  `co_id` int(11) NOT NULL,
  `order_id` varchar(255) NOT NULL,
  `stu_email` varchar(255) NOT NULL,
  `course_id` int(11) NOT NULL,
  `status` varchar(255) NOT NULL,
  `respmsg` text NOT NULL,
  `amount` int(11) NOT NULL,
  `order_date` date NOT NULL
) ENGINE=InnoDB DEFAULT CHARSET=utf8 COLLATE=utf8_bin;

--
-- Dumping data for table `courseorder`
--

INSERT INTO `courseorder` (`co_id`, `order_id`, `stu_email`, `course_id`, `status`, `respmsg`, `amount`, `order_date`) VALUES
(30, 'ORD1230225', 'cao@gmail.com', 11, 'TXN_SUCCESS', 'TXn Success', 0, '2023-02-25'),
(31, 'ORD31230225', 'cao@gmail.com', 11, 'TXN_SUCCESS', 'TXn Success', 0, '2023-02-25'),
(32, 'ORD32230225', 'cao@gmail.com', 11, 'TXN_SUCCESS', 'TXn Success', 900, '2023-02-25');

-- --------------------------------------------------------

--
-- Table structure for table `lesson`
--

CREATE TABLE `lesson` (
  `lesson_id` int(11) NOT NULL,
  `lesson_name` text NOT NULL,
  `lesson_desc` text NOT NULL,
  `lesson_link` text NOT NULL,
  `course_id` int(11) NOT NULL,
  `course_name` text NOT NULL
) ENGINE=InnoDB DEFAULT CHARSET=utf8mb4 COLLATE=utf8mb4_general_ci;

--
-- Dumping data for table `lesson`
--

INSERT INTO `lesson` (`lesson_id`, `lesson_name`, `lesson_desc`, `lesson_link`, `course_id`, `course_name`) VALUES
(2, 'aq2weasd ', 'đấ', '../lessonvid/Snapsave.app_331115647_1058953475507382_8669841757684212153_n.mp4', 1, 'java22222'),
(32, 'Introduction to Python ', 'Introduction to Python Desc', '../lessonvid/video2.mp4', 10, 'Learn Python A-Z'),
(33, 'How Python Works', 'How Python Works Descc', '../lessonvid/video3.mp4', 10, 'Learn Python A-Z'),
(34, 'Why Python is powerful', 'Why Python is powerful Desc', '../lessonvid/video9.mp4', 10, 'Learn Python A-Z'),
(35, 'Everyone should learn Python ', 'Everyone should learn Python  Desccc', '../lessonvid/video1.mp4', 10, 'Learn Python A-Z'),
(36, 'Introduction to PHP', 'Introduction to PHP Desc', '../lessonvid/video4.mp4', 9, 'Complete PHP Bootcamp'),
(37, 'How PHP works', 'How PHP works Desc', '../lessonvid/video5.mp4', 9, 'Complete PHP Bootcamp'),
(38, 'is PHP really easy ?', 'is PHP really easy ? desc', '../lessonvid/video6.mp4', 9, 'Complete PHP Bootcamp'),
(39, 'Introduction to Guitar44', 'Introduction to Guitar desc1', '../lessonvid/video7.mp4', 8, 'Learn Guitar The Easy Way'),
(40, 'Type of Guitar', 'Type of Guitar Desc2', '../lessonvid/video8.mp4', 8, 'Learn Guitar The Easy Way'),
(41, 'Intro Hands-on Artificial Intelligence', 'Intro Hands-on Artificial Intelligence desc', '../lessonvid/video10.mp4', 11, 'Hands-on Artificial Intelligence'),
(42, 'How it works', 'How it works descccccc', '../lessonvid/video11.mp4', 11, 'Hands-on Artificial Intelligence'),
(43, 'Inro Learn Vue JS', 'Inro Learn Vue JS desc', '../lessonvid/video12.mp4', 12, 'Learn Vue JS'),
(44, 'intro Angular JS', 'intro Angular JS desc', '../lessonvid/video13.mp4', 13, 'Angular JS'),
(48, 'Intro to Python Complete', 'This is lesson number 1', '../lessonvid/video11.mp4', 16, 'Python Complete'),
(49, 'Introduction to React Native', 'This intro video of React native', '../lessonvid/video11.mp4', 17, 'Learn React Native');

-- --------------------------------------------------------

--
-- Table structure for table `student`
--

CREATE TABLE `student` (
  `stu_id` int(11) NOT NULL,
  `stu_name` varchar(255) NOT NULL,
  `stu_email` varchar(255) NOT NULL,
  `stu_pass` varchar(255) NOT NULL,
  `stu_occ` varchar(255) NOT NULL,
  `stu_img` text NOT NULL
) ENGINE=InnoDB DEFAULT CHARSET=utf8mb4 COLLATE=utf8mb4_general_ci;

--
-- Dumping data for table `student`
--

INSERT INTO `student` (`stu_id`, `stu_name`, `stu_email`, `stu_pass`, `stu_occ`, `stu_img`) VALUES
(1, ' thuan', 'cao@gmail.com', '123', ' ', '../image/stu/20220910-_MG_0096.jpg'),
(2, 'thuan', 'caoaadd@gmail.com', 'ấdd', '', ''),
(3, 'thuan123', 'cao1@gmail.com', '123', '', ''),
(4, 'thuan', 'cao2@gmail.com', '123', '', ''),
(6, 'duyen', 'duyen@gmaiqưeqweqwe', '123', '123123', '');

--
-- Indexes for dumped tables
--

--
-- Indexes for table `admin`
--
ALTER TABLE `admin`
  ADD PRIMARY KEY (`admin_id`);

--
-- Indexes for table `course`
--
ALTER TABLE `course`
  ADD PRIMARY KEY (`course_id`);

--
-- Indexes for table `courseorder`
--
ALTER TABLE `courseorder`
  ADD PRIMARY KEY (`co_id`);

--
-- Indexes for table `lesson`
--
ALTER TABLE `lesson`
  ADD PRIMARY KEY (`lesson_id`);

--
-- Indexes for table `student`
--
ALTER TABLE `student`
  ADD PRIMARY KEY (`stu_id`);

--
-- AUTO_INCREMENT for dumped tables
--

--
-- AUTO_INCREMENT for table `admin`
--
ALTER TABLE `admin`
  MODIFY `admin_id` int(11) NOT NULL AUTO_INCREMENT, AUTO_INCREMENT=2;

--
-- AUTO_INCREMENT for table `course`
--
ALTER TABLE `course`
  MODIFY `course_id` int(11) NOT NULL AUTO_INCREMENT, AUTO_INCREMENT=18;

--
-- AUTO_INCREMENT for table `courseorder`
--
ALTER TABLE `courseorder`
  MODIFY `co_id` int(11) NOT NULL AUTO_INCREMENT, AUTO_INCREMENT=33;

--
-- AUTO_INCREMENT for table `lesson`
--
ALTER TABLE `lesson`
  MODIFY `lesson_id` int(11) NOT NULL AUTO_INCREMENT, AUTO_INCREMENT=50;

--
-- AUTO_INCREMENT for table `student`
--
ALTER TABLE `student`
  MODIFY `stu_id` int(11) NOT NULL AUTO_INCREMENT, AUTO_INCREMENT=7;
COMMIT;

/*!40101 SET CHARACTER_SET_CLIENT=@OLD_CHARACTER_SET_CLIENT */;
/*!40101 SET CHARACTER_SET_RESULTS=@OLD_CHARACTER_SET_RESULTS */;
/*!40101 SET COLLATION_CONNECTION=@OLD_COLLATION_CONNECTION */;
